filename,object_id,timestep,labelimage_oid,User Label,Predicted Class,Probability of bkgrd,Probability of cystanoid,Minimum intensity_0,Minimum intensity_1,Minimum intensity_2,Maximum intensity_0,Maximum intensity_1,Maximum intensity_2,Size in pixels,Radii of the object_0,Radii of the object_1,Variance of Intensity_0,Variance of Intensity_1,Variance of Intensity_2,Mean Intensity_0,Mean Intensity_1,Mean Intensity_2,Diameter,Bounding Box Minimum_0,Bounding Box Minimum_1,Bounding Box Maximum_0,Bounding Box Maximum_1,Center of the object_0,Center of the object_1
210623_100uM_day_7_e6_table.csv0,0,1,0,bkgrd,0.79,0.21,74.0,47.0,17.0,105.0,78.0,53.0,737.0,8.430143,7.000568,24.988071,20.635607,20.232708,89.50746,63.086838,36.404343,36.384777,475.0,168.0,509.0,196.0,490.92267,180.67029
210623_100uM_day_7_e6_table.csv1,0,2,0,cystanoid,0.23,0.77,38.0,29.0,0.0,164.0,131.0,90.0,29071.0,49.241356,47.27187,232.52216,90.06521,23.25875,76.9956,54.98122,33.111107,220.58073,215.0,174.0,408.0,374.0,314.48584,278.80255
210623_100uM_day_7_e6_table.csv2,0,3,0,bkgrd,0.93,0.07,121.0,108.0,126.0,216.0,204.0,204.0,973.0,10.323647,7.520126,49.3799,41.39312,64.8518,171.11716,164.23227,166.22713,45.04163,935.0,199.0,970.0,237.0,952.61255,217.47276
210623_100uM_day_7_e6_table.csv3,0,4,0,bkgrd,0.59,0.41,38.0,13.0,0.0,196.0,173.0,139.0,4099.0,23.593699,13.966311,319.59708,323.6631,289.52737,116.3374,90.22688,60.331787,103.84062,591.0,297.0,647.0,390.0,620.3125,344.1742
210623_100uM_day_7_e6_table.csv4,0,5,0,bkgrd,0.51,0.49,48.0,26.0,0.0,255.0,226.0,187.0,4471.0,20.135592,17.711191,1189.6199,996.4891,732.3982,125.95929,98.695595,66.650635,88.42641,449.0,411.0,520.0,492.0,483.7535,452.63162
210623_30uM_day_7_f5_table.csv,0,0,1,0,cystanoid,0.07,0.93,5.0,3.0,0.0,255.0,255.0,244.0,78125.0,102.034294,65.51768,741.5506,829.6386,1147.5747,105.967155,103.219406,107.55319,516.15643,276.0,214.0,555.0,596.0,410.19135,403.4966
210616_10uM_day_0_d4_table.csv,0,0,1,0,cystanoid,0.13,0.87,5.0,13.0,3.0,248.0,236.0,230.0,54776.0,100.39562,47.534855,301.72775,312.27826,377.99805,113.33803,112.09999,112.41509,448.22034,262.0,310.0,618.0,537.0,425.91995,436.98395
210616_100uM_day_0_c6_table.csv,0,0,1,0,cystanoid,0.2,0.8,13.0,7.0,0.0,239.0,239.0,228.0,74148.0,88.617256,68.758484,221.23871,226.98997,266.59335,139.92247,136.66489,136.12137,414.54623,221.0,302.0,504.0,655.0,369.5608,486.12427
210617_control_day_1_c2_table.csv,0,0,1,0,bkgrd,0.94,0.06,154.0,152.0,153.0,178.0,176.0,181.0,1511.0,16.666199,7.6067514,6.7768736,5.1941996,10.8993845,169.4646,167.24884,171.62807,70.59798,922.0,234.0,979.0,278.0,950.3673,255.70218
210617_control_day_1_c2_table.csv,1,0,2,0,bkgrd,0.88,0.12,137.0,134.0,141.0,176.0,173.0,179.0,818.0,9.438226,6.984015,21.023851,17.61871,21.974709,164.02444,162.478,165.80318,41.04163,820.0,257.0,852.0,292.0,836.4071,274.61737
210617_control_day_1_c2_table.csv,2,0,3,0,cystanoid,0.2,0.8,9.0,1.0,0.0,242.0,236.0,210.0,14142.0,42.89495,26.333132,34.491398,29.693386,39.7745,164.4604,162.2506,164.51323,186.74011,514.0,302.0,624.0,476.0,568.6813,388.22388
210617_control_day_1_c2_table.csv,3,0,4,0,cystanoid,0.31,0.69,19.0,12.0,13.0,234.0,234.0,226.0,11655.0,34.952877,26.753908,39.876404,37.511955,47.238968,156.73547,155.22711,157.32681,152.50967,359.0,397.0,490.0,523.0,426.42145,459.3584
210630_10uM_day_14_e4_table.csv,0,0,1,0,cystanoid,0.16,0.84,37.0,33.0,24.0,201.0,183.0,175.0,62740.0,71.454926,70.28832,431.73483,498.8047,695.8428,100.907745,97.31256,93.913086,324.0366,214.0,262.0,512.0,553.0,362.08893,404.4032
210630_30uM_day_14_e5_table.csv,0,0,1,0,cystanoid,0.18,0.82,38.0,33.0,16.0,188.0,172.0,183.0,83871.0,110.160904,73.12912,901.4964,1055.0938,1420.1394,112.49935,110.20356,110.85053,634.1442,322.0,181.0,696.0,577.0,496.22986,357.89905
210616_3uM_day_0_e3_table.csv,0,0,1,0,cystanoid,0.03,0.97,4.0,9.0,0.0,255.0,255.0,237.0,173799.0,127.042366,110.69542,418.99686,462.86673,643.1714,108.11287,106.20969,105.59701,604.13916,271.0,145.0,750.0,627.0,533.55,381.69556
210619_30uM_day_3_e5_table.csv,0,0,1,0,cystanoid,0.29,0.71,31.0,28.0,2.0,186.0,178.0,207.0,139542.0,113.94591,99.23414,1023.406,1104.8397,1344.5935,118.42928,114.99606,115.43477,622.7544,288.0,125.0,688.0,597.0,492.74976,363.2594
210616_30uM_day_0_c5_table.csv,0,0,1,0,cystanoid,0.2,0.8,7.0,7.0,0.0,247.0,238.0,226.0,111843.0,113.979675,79.865234,342.8511,370.3282,487.29016,114.568474,112.427055,112.08778,505.87216,193.0,289.0,633.0,638.0,398.57053,446.56638
210630_3uM_day_14_e3_table.csv,0,0,1,0,cystanoid,0.22,0.78,39.0,35.0,27.0,187.0,185.0,176.0,54100.0,90.4318,50.564724,761.4571,871.104,1131.9211,97.04747,92.4666,88.32418,419.30362,262.0,356.0,611.0,585.0,452.26038,463.40897
210617_1%_DMSO_day_1_c7_table.csv,0,0,1,0,bkgrd,0.87,0.13,155.0,157.0,160.0,192.0,193.0,202.0,2005.0,19.542517,8.54067,50.23698,43.937668,52.973877,177.3212,178.86983,183.4823,77.38477,213.0,0.0,249.0,74.0,229.24089,36.801
210617_1%_DMSO_day_1_c7_table.csv,1,0,2,0,cystanoid,0.15,0.85,30.0,17.0,0.0,255.0,255.0,255.0,49006.0,91.46652,60.40444,1646.9717,1986.8995,2801.1282,144.56172,138.16956,131.7279,477.11478,321.0,153.0,592.0,536.0,463.87552,393.83386
210617_1%_DMSO_day_1_c7_table.csv,2,0,3,0,cystanoid,0.42,0.58,111.0,109.0,113.0,243.0,245.0,242.0,6978.0,54.627384,15.123898,89.5019,92.44799,100.17136,168.1605,168.65163,172.48009,253.07822,259.0,171.0,369.0,367.0,316.76584,272.775
210617_1%_DMSO_day_1_c7_table.csv,3,0,4,0,bkgrd,0.94,0.06,160.0,164.0,166.0,187.0,189.0,198.0,973.0,10.842427,7.1665473,8.2175045,6.885474,12.875605,180.23639,181.29805,184.99384,45.970562,185.0,219.0,228.0,248.0,205.79651,233.48921
210619_100uM_day_3_d6_table.csv,0,0,1,0,cystanoid,0.18,0.82,35.0,31.0,22.0,179.0,185.0,178.0,22915.0,46.988575,38.857056,1340.0303,1172.1777,983.90247,110.86463,99.93454,88.828064,205.85281,474.0,268.0,631.0,457.0,550.8462,363.22842
210630_control_day_14_b2_table.csv,0,0,1,0,cystanoid,0.21,0.79,63.0,61.0,61.0,182.0,186.0,185.0,80381.0,98.072266,66.4914,218.58235,208.6318,253.87686,119.004166,117.68266,118.45042,431.71783,245.0,270.0,634.0,586.0,440.26675,443.03665
210619_10uM_day_3_b4_table.csv,0,0,1,0,cystanoid,0.3,0.7,46.0,44.0,31.0,194.0,194.0,180.0,94064.0,98.14069,76.74709,216.1819,218.59752,315.7794,114.43698,111.26361,113.29823,445.93103,368.0,154.0,757.0,469.0,566.7727,305.9858
210619_control_day_3_f2_table.csv,0,0,1,0,cystanoid,0.36,0.64,109.0,111.0,107.0,145.0,144.0,148.0,45044.0,69.955505,55.63191,14.21329,14.017526,18.987537,131.3459,130.38716,130.80457,344.3919,22.0,0.0,298.0,273.0,161.46638,122.581894
210619_control_day_3_f2_table.csv,1,0,2,0,bkgrd,0.9,0.1,127.0,125.0,123.0,140.0,136.0,142.0,734.0,9.254032,6.314122,4.335447,3.4737673,11.692137,133.62398,131.2793,132.30653,39.384777,28.0,202.0,54.0,239.0,40.839237,220.45232
210619_control_day_3_f2_table.csv,2,0,3,0,cystanoid,0.32,0.68,54.0,52.0,25.0,205.0,191.0,192.0,60530.0,105.710724,52.028664,307.10938,316.32812,409.91788,125.18006,121.47274,121.126465,504.81326,288.0,276.0,591.0,646.0,438.32806,440.73764
210616_30uM_day_0_f5_table.csv,0,0,1,0,cystanoid,0.24,0.76,10.0,9.0,7.0,255.0,255.0,250.0,107409.0,105.907684,83.60971,274.45154,289.13458,406.5183,116.66049,116.51713,120.48878,485.11478,368.0,167.0,701.0,587.0,544.3777,386.84998
210623_10uM_day_7_d4_table.csv,0,0,1,0,cystanoid,0.17,0.83,4.0,5.0,0.0,255.0,242.0,226.0,28137.0,52.108616,45.39126,572.89294,625.3694,782.1473,120.43576,117.5115,115.22998,258.52185,229.0,273.0,447.0,463.0,332.56625,360.06693
210617_30uM_day_1_b5_table.csv,0,0,1,0,cystanoid,0.18,0.82,2.0,3.0,0.0,255.0,255.0,255.0,130206.0,124.422195,86.11608,793.0346,825.391,988.68726,160.06871,155.39655,152.32727,555.2691,305.0,246.0,748.0,700.0,519.6076,479.3301
210630_3uM_day_14_c14_table.csv,0,0,1,0,cystanoid,0.2,0.8,41.0,36.0,17.0,190.0,172.0,162.0,96287.0,118.68453,72.8921,362.2775,399.37018,545.531,115.21008,112.15878,111.70995,595.0437,208.0,319.0,696.0,639.0,430.17236,463.71637
210630_1%_DMSO_day_14_e7_table.csv,0,0,1,0,cystanoid,0.22,0.78,38.0,36.0,28.0,185.0,181.0,192.0,132510.0,156.40848,74.91893,330.4515,354.02533,472.23544,113.052444,111.43799,113.254005,668.0265,231.0,143.0,779.0,536.0,500.62222,348.68716
210623_3uM_day_7_e3_table.csv,0,0,1,0,bkgrd,0.9,0.1,108.0,109.0,112.0,123.0,123.0,131.0,697.0,8.152616,6.884169,4.525614,3.9360282,8.64851,117.117645,116.76471,121.55667,38.213203,678.0,114.0,708.0,145.0,692.0373,129.94978
210623_3uM_day_7_e3_table.csv,1,0,2,0,cystanoid,0.04,0.96,14.0,13.0,0.0,233.0,239.0,213.0,53538.0,97.20473,47.62645,848.7899,935.20197,1190.501,90.99903,86.1368,80.985504,398.72287,281.0,303.0,637.0,519.0,448.3799,416.37122
210617_3uM_day_1_b3_table.csv,0,0,1,0,cystanoid,0.18,0.82,0.0,3.0,0.0,255.0,255.0,255.0,259525.0,159.30988,132.05731,1042.3428,1069.417,1260.877,169.29776,163.08664,157.64745,789.9554,246.0,137.0,912.0,727.0,560.32904,425.8921
210617_3uM_day_1_b3_table.csv,1,0,2,0,bkgrd,0.9,0.1,172.0,172.0,162.0,217.0,213.0,248.0,1379.0,13.038639,8.489719,16.756874,12.186285,25.058739,187.18709,185.3343,179.0,56.698486,183.0,177.0,218.0,228.0,199.43945,203.4902
210616_1%_DMSO_day_0_d7_table.csv,0,0,1,0,cystanoid,0.49,0.51,93.0,93.0,105.0,153.0,151.0,161.0,50701.0,166.84152,25.838049,53.186893,53.23136,57.896214,128.249,128.69641,137.51492,18.656855,920.0,0.0,1024.0,646.0,981.6243,301.43225
210616_1%_DMSO_day_0_d7_table.csv,1,0,2,0,cystanoid,0.12,0.88,30.0,19.0,16.0,237.0,231.0,209.0,43660.0,63.253258,55.32065,587.92377,701.57184,997.2114,105.51757,102.60192,100.38417,291.86502,267.0,211.0,495.0,464.0,379.38083,341.49023
210616_1%_DMSO_day_0_d7_table.csv,2,0,3,0,bkgrd,0.87,0.13,92.0,91.0,86.0,166.0,160.0,159.0,605.0,7.5972066,6.3507233,116.198494,116.306984,112.10148,131.0562,129.63802,132.55537,32.31371,498.0,388.0,523.0,418.0,510.00494,403.07272
210623_1%_DMSO_day_7_d7_table.csv,0,0,1,0,bkgrd,0.93,0.07,132.0,133.0,139.0,146.0,143.0,156.0,801.0,9.006764,7.4831085,4.876389,2.7365823,6.4872217,140.5181,138.93883,147.57054,48.55635,710.0,0.0,740.0,34.0,724.82025,13.906367
210623_1%_DMSO_day_7_d7_table.csv,1,0,2,0,bkgrd,0.91,0.09,131.0,128.0,135.0,152.0,149.0,160.0,2183.0,14.704655,12.298043,7.990701,5.356783,9.166195,144.59093,141.74393,149.82455,77.62742,715.0,75.0,772.0,128.0,742.25195,101.03161
210623_1%_DMSO_day_7_d7_table.csv,2,0,3,0,cystanoid,0.39,0.61,83.0,70.0,94.0,167.0,162.0,169.0,14647.0,39.675117,29.636826,18.624561,15.340744,21.783997,123.02984,120.64068,129.51949,171.82338,456.0,441.0,608.0,568.0,531.50867,501.95166
210623_1%_DMSO_day_7_d7_table.csv,3,0,4,0,bkgrd,0.83,0.17,106.0,103.0,107.0,128.0,124.0,136.0,2485.0,31.634645,9.298348,12.967461,11.599015,14.66451,117.478874,116.17425,123.87203,41.55635,0.0,501.0,39.0,632.0,13.319115,586.5988
210623_1%_DMSO_day_7_d7_table.csv,4,0,5,0,bkgrd,0.91,0.09,93.0,96.0,112.0,133.0,131.0,145.0,3609.0,22.636543,12.950289,18.969893,9.8931,12.677438,122.605156,120.76005,129.38542,101.42641,159.0,632.0,217.0,724.0,185.56747,680.6223
210623_1%_DMSO_day_7_d7_table.csv,5,0,6,0,bkgrd,0.91,0.09,105.0,102.0,109.0,130.0,126.0,138.0,1079.0,11.286794,7.9802685,14.6749115,12.596912,17.074905,119.46246,117.92586,127.595924,51.31371,301.0,657.0,335.0,703.0,316.21222,682.4004
210617_1%_DMSO_day_1_f7_table.csv,0,0,1,0,cystanoid,0.23,0.77,13.0,18.0,0.0,255.0,255.0,255.0,12515.0,46.551735,22.655611,813.1532,842.77,1013.3988,163.44754,160.14743,157.16548,197.89444,334.0,279.0,503.0,401.0,415.71945,339.7324
210616_100uM_day_0_f6_table.csv,0,0,1,0,cystanoid,0.24,0.76,4.0,8.0,0.0,253.0,251.0,235.0,58383.0,87.72834,60.99009,308.37924,334.1552,428.77185,118.21628,117.72026,119.879074,441.0904,202.0,172.0,494.0,509.0,335.1148,328.1133
210623_30uM_day_7_c5_table.csv,0,0,1,0,cystanoid,0.19,0.81,0.0,5.0,0.0,255.0,245.0,249.0,100841.0,101.44175,80.57115,255.09756,287.9731,414.08902,113.36548,111.32259,114.37346,503.06097,253.0,165.0,647.0,504.0,440.23837,338.09857
210623_30uM_day_7_c5_table.csv,1,0,2,0,bkgrd,0.81,0.19,99.0,97.0,100.0,120.0,114.0,126.0,1511.0,12.887518,9.349115,7.7877398,6.3690248,12.838969,108.83785,106.849106,112.32164,55.698486,928.0,566.0,969.0,616.0,947.8392,590.03973
210617_control_day_1_f2_table.csv,0,0,1,0,cystanoid,0.17,0.83,0.0,0.0,0.0,255.0,255.0,255.0,60612.0,110.03366,49.96358,1224.3506,1250.8994,1329.4321,166.13084,160.60757,153.94553,500.0904,315.0,249.0,584.0,639.0,459.13043,440.13205
210617_10uM_day_1_e4_table.csv,0,0,1,0,cystanoid,0.2,0.8,26.0,23.0,0.0,255.0,255.0,255.0,46812.0,64.205376,59.275333,824.3837,1026.2501,1521.7551,150.64542,144.89723,139.76985,313.00714,379.0,207.0,631.0,468.0,495.22156,331.31277
210616_control_day_0_d2_table.csv,0,0,1,0,cystanoid,0.13,0.87,3.0,7.0,0.0,255.0,244.0,233.0,25876.0,52.589405,41.7739,345.88138,355.77496,454.6679,115.11887,115.09329,116.35102,272.35028,398.0,245.0,572.0,463.0,493.4939,362.02957
210619_1%_DMSO_day_3_c7_table.csv,0,0,1,0,cystanoid,0.22,0.78,65.0,56.0,46.0,195.0,194.0,202.0,36209.0,56.47681,51.096447,193.23422,177.90591,254.243,126.91414,124.50924,128.48192,247.79395,334.0,370.0,538.0,596.0,433.51874,483.50293
210619_3uM_day_3_d3_table.csv,0,0,1,0,cystanoid,0.35,0.65,45.0,41.0,16.0,203.0,192.0,199.0,586152.0,236.47668,203.95158,133.08153,140.88405,206.557,121.7113,118.864586,122.82551,1235.9697,131.0,0.0,1024.0,768.0,589.8087,364.3242
210617_100uM_day_1_d6_table.csv,0,0,1,0,cystanoid,0.11,0.89,14.0,0.0,0.0,255.0,255.0,255.0,32127.0,62.584282,42.365986,3620.5068,3682.2964,3780.6377,139.97684,127.70909,108.34874,280.73508,258.0,400.0,480.0,622.0,363.35495,507.00345
210617_100uM_day_1_c6_table.csv,0,0,1,0,cystanoid,0.17,0.83,12.0,0.0,0.0,255.0,255.0,255.0,96842.0,114.57592,81.11428,1640.5725,1688.3091,1791.0355,162.0114,149.367,131.15654,668.5067,232.0,209.0,677.0,628.0,483.94968,417.86118
210619_3uM_day_3_c3_table.csv,0,0,1,0,cystanoid,0.31,0.69,42.0,43.0,22.0,216.0,215.0,185.0,98341.0,120.83998,76.86519,242.2618,239.19952,346.2326,119.825645,115.57743,116.71016,599.6417,333.0,146.0,746.0,561.0,524.9098,376.47906
210616_control_day_0_c2_table.csv,0,0,1,0,cystanoid,0.16,0.84,3.0,9.0,0.0,254.0,250.0,255.0,21553.0,43.764496,39.81751,634.6598,731.1942,1074.6279,110.167305,109.6844,111.76509,197.69344,398.0,356.0,565.0,513.0,476.43146,432.71573
210617_10uM_day_1_b4_table.csv,0,0,1,0,cystanoid,0.15,0.85,3.0,0.0,0.0,255.0,255.0,255.0,93216.0,102.43824,79.11743,1484.0922,1516.8875,1609.7119,162.4161,157.1005,150.87343,493.61227,299.0,105.0,623.0,519.0,449.2745,305.989
210619_1%_DMSO_day_3_d7_table.csv,0,0,1,0,cystanoid,0.2,0.8,46.0,42.0,22.0,192.0,180.0,170.0,12506.0,39.923367,25.187565,488.6232,676.7775,1244.3632,102.4573,95.730606,92.10731,169.50967,261.0,370.0,367.0,520.0,309.69934,441.37805
210623_control_day_7_c2_table.csv,0,0,1,0,cystanoid,0.16,0.84,16.0,8.0,0.0,255.0,247.0,255.0,178391.0,125.57013,113.47057,460.87057,509.7434,658.7202,111.37499,109.0752,107.90002,564.8427,172.0,149.0,658.0,614.0,418.81693,388.83075
210623_30uM_day_7_d5_table.csv,0,0,1,0,cystanoid,0.03,0.97,6.0,8.0,0.0,255.0,239.0,239.0,74565.0,79.24741,75.08905,1314.9878,1410.2225,1708.6702,84.02782,80.16814,78.43806,366.2498,369.0,248.0,669.0,576.0,518.65045,416.4594
210623_30uM_day_7_d5_table.csv,1,0,2,0,bkgrd,0.72,0.28,121.0,119.0,120.0,148.0,144.0,151.0,4539.0,32.763515,11.9988165,16.750496,15.494528,18.049446,136.76228,135.75237,138.49174,134.59798,321.0,509.0,376.0,633.0,344.2353,570.3816
210623_30uM_day_7_d5_table.csv,2,0,3,0,bkgrd,0.93,0.07,124.0,125.0,120.0,148.0,146.0,150.0,880.0,13.006967,5.4309726,8.14657,9.917929,19.808975,140.25455,139.01591,139.45114,54.455845,248.0,549.0,274.0,599.0,259.975,574.75226
210623_30uM_day_7_d5_table.csv,3,0,4,0,bkgrd,0.92,0.08,106.0,105.0,111.0,130.0,127.0,141.0,1094.0,18.960567,4.7548876,12.007794,12.034024,25.380562,121.26782,120.33364,126.97532,74.313705,707.0,696.0,726.0,768.0,715.23676,733.79706
210623_1%_DMSO_day_7_c7_table.csv,0,0,1,0,bkgrd,0.91,0.09,111.0,111.0,116.0,130.0,127.0,138.0,2238.0,18.644548,10.180769,7.20398,5.3772893,9.494651,119.1546,118.23503,126.41421,75.28427,238.0,0.0,312.0,41.0,274.02905,15.856568
210623_1%_DMSO_day_7_c7_table.csv,1,0,2,0,bkgrd,0.89,0.11,115.0,116.0,123.0,161.0,169.0,172.0,1006.0,15.545063,5.2132173,22.08182,15.99242,17.0389,125.64513,126.750496,138.35089,66.870056,261.0,79.0,291.0,139.0,275.37973,107.7654
210623_1%_DMSO_day_7_c7_table.csv,2,0,3,0,cystanoid,0.08,0.92,18.0,7.0,11.0,255.0,235.0,224.0,41546.0,60.419334,55.055016,569.536,629.6095,880.2443,108.48235,102.91032,104.37332,279.5635,345.0,210.0,567.0,450.0,457.4587,330.53156
210623_1%_DMSO_day_7_c7_table.csv,3,0,4,0,bkgrd,0.9,0.1,109.0,109.0,114.0,130.0,129.0,142.0,1935.0,15.10487,10.291668,14.958428,13.13759,21.65311,119.93799,119.049614,129.08269,67.769554,246.0,217.0,292.0,275.0,269.1199,243.40413
210623_1%_DMSO_day_7_c7_table.csv,4,0,5,0,bkgrd,0.78,0.22,113.0,111.0,118.0,133.0,131.0,145.0,3438.0,17.19401,15.925528,6.4920063,5.522053,15.197192,123.465965,121.118385,131.02443,74.769554,476.0,561.0,541.0,628.0,508.09772,593.66113
210619_100uM_day_3_f6_table.csv,0,0,1,0,bkgrd,0.83,0.17,98.0,81.0,49.0,134.0,113.0,93.0,678.0,11.729035,4.6122613,29.565521,24.82642,35.573387,117.72419,95.25959,65.942474,48.899494,429.0,236.0,448.0,283.0,437.44394,259.12537
210619_100uM_day_3_f6_table.csv,1,0,2,0,cystanoid,0.23,0.77,83.0,72.0,51.0,189.0,172.0,165.0,42629.0,70.31138,51.72401,192.96492,305.85754,611.2705,146.38878,131.32056,114.7224,337.1493,376.0,331.0,625.0,601.0,487.43823,460.89386
210616_1%_DMSO_day_0_c7_table.csv,0,0,1,0,cystanoid,0.03,0.97,8.0,14.0,0.0,255.0,245.0,250.0,53899.0,86.0538,55.59775,740.41425,882.757,1232.0487,94.688675,90.552345,87.16779,452.75946,304.0,252.0,644.0,494.0,482.27164,390.08502
210619_control_day_3_d2_table.csv,0,0,1,0,bkgrd,0.85,0.15,127.0,131.0,130.0,139.0,141.0,147.0,1198.0,15.189478,6.6642804,2.4809659,2.0515084,7.0576115,134.27379,135.37813,138.29883,55.28427,373.0,0.0,433.0,26.0,404.01337,10.295492
210619_control_day_3_d2_table.csv,1,0,2,0,cystanoid,0.35,0.65,57.0,56.0,41.0,157.0,146.0,155.0,10206.0,31.84154,25.566425,198.89072,175.71791,285.42618,111.606995,109.13463,107.75544,138.61017,601.0,307.0,708.0,428.0,654.95776,366.23584
210630_1%_DMSO_day_14_b7_table.csv,0,0,1,0,bkgrd,0.64,0.36,546928.0,241.36272,211.30986,546928.0,0.0,0.0,934.0,768.0,454.88925,390.57797
210617_30uM_day_1_e5_table.csv,0,0,1,0,cystanoid,0.18,0.82,3.0,0.0,0.0,255.0,255.0,255.0,135951.0,124.682465,87.782906,1500.2838,1600.537,1954.5349,182.84737,177.9222,174.10648,554.80615,223.0,245.0,716.0,621.0,458.7181,424.5143
210617_30uM_day_1_e5_table.csv,1,0,2,0,bkgrd,0.94,0.06,180.0,171.0,172.0,211.0,204.0,200.0,710.0,8.998851,6.2876263,8.435352,7.5366077,11.160922,202.3,195.72676,190.0324,38.455845,173.0,623.0,204.0,653.0,187.80986,637.5169
210617_3uM_day_1_e3_table.csv,0,0,1,0,cystanoid,0.16,0.84,0.0,0.0,0.0,255.0,255.0,255.0,372191.0,183.05315,169.18288,1270.404,1400.4724,1719.8765,174.09804,169.93774,165.8485,1268.3889,29.0,0.0,704.0,768.0,359.5351,364.0267
210623_3uM_day_7_b3_table.csv,0,0,1,0,cystanoid,0.24,0.76,0.0,5.0,0.0,255.0,250.0,234.0,653493.0,263.36676,201.3186,254.34346,265.5514,303.8087,127.365814,123.921455,123.8043,1314.124,17.0,0.0,1024.0,768.0,523.2206,416.1191
210623_10uM_day_7_c4_table.csv,0,0,1,0,cystanoid,0.21,0.79,16.0,21.0,15.0,255.0,255.0,250.0,28161.0,52.150326,45.376366,359.0717,352.14764,395.1456,125.227264,123.24715,122.92309,256.83557,230.0,273.0,447.0,463.0,332.82333,359.88647
210616_1%_DMSO_day_0_f7_table.csv,0,0,1,0,cystanoid,0.13,0.87,2.0,5.0,0.0,255.0,250.0,255.0,151775.0,120.279366,101.51308,591.6178,665.08563,881.73895,105.530594,102.6493,101.99086,592.15643,161.0,235.0,658.0,669.0,405.65186,447.59256
210619_100uM_day_3_c6_table.csv,0,0,1,0,cystanoid,0.08,0.92,41.0,36.0,7.0,192.0,176.0,155.0,56578.0,71.25934,63.30957,1149.9847,1005.1485,892.11224,88.38658,75.94029,62.628532,319.00714,384.0,280.0,641.0,566.0,514.80273,420.31033
210619_10uM_day_3_e4_table.csv,0,0,1,0,cystanoid,0.29,0.71,42.0,49.0,33.0,215.0,205.0,203.0,103196.0,101.07693,87.46216,223.7801,208.39017,304.61606,120.00957,116.41992,118.1362,515.70056,440.0,203.0,807.0,625.0,600.03937,415.64053
210630_control_day_14_e2_table.csv,0,0,1,0,cystanoid,0.24,0.76,46.0,42.0,25.0,215.0,212.0,216.0,132918.0,131.2804,89.535614,1311.9464,1422.032,1658.2466,121.83362,118.25831,114.543724,653.6417,236.0,119.0,636.0,639.0,441.65588,347.7594
210630_3uM_day_14_b3_table.csv,0,0,1,0,cystanoid,0.25,0.75,31.0,27.0,12.0,186.0,189.0,161.0,133922.0,108.7453,100.98121,558.7283,647.004,852.9358,118.23748,114.796394,112.448944,531.82544,273.0,190.0,666.0,632.0,453.28662,410.14255
210623_1%_DMSO_day_7_f7_table.csv,0,0,1,0,bkgrd,0.76,0.24,22.0,21.0,15.0,238.0,224.0,223.0,1788.0,18.926287,8.337379,513.42236,500.26056,625.76324,117.370804,113.59788,116.595634,81.25484,403.0,93.0,472.0,136.0,439.57886,115.8859
210623_1%_DMSO_day_7_f7_table.csv,1,0,2,0,cystanoid,0.18,0.82,2.0,1.0,0.0,255.0,249.0,255.0,129060.0,118.0506,89.49708,550.45654,576.6043,764.523,118.53843,114.56428,118.10766,605.1808,171.0,177.0,611.0,604.0,381.55902,383.74252
210617_1%_DMSO_day_1_d7_table.csv,0,0,1,0,cystanoid,0.32,0.68,64.0,62.0,33.0,255.0,249.0,229.0,11761.0,36.13378,26.10275,486.3331,603.68823,928.4789,154.24266,150.54639,146.81328,158.16652,200.0,351.0,323.0,484.0,262.3811,419.418
210623_10uM_day_7_f4_table.csv,0,0,1,0,cystanoid,0.09,0.91,2.0,4.0,0.0,250.0,254.0,255.0,53031.0,67.837776,63.936993,547.2882,566.8134,637.5232,112.66721,109.566345,107.852165,358.73508,310.0,276.0,575.0,532.0,442.82224,402.95972
210616_30uM_day_0_d5_table.csv,0,0,1,0,cystanoid,0.12,0.88,5.0,9.0,0.0,255.0,255.0,255.0,146805.0,136.81413,86.83193,768.05255,933.251,1338.6876,106.55321,103.643684,101.26294,611.17365,220.0,163.0,746.0,519.0,470.1196,333.1602
210616_30uM_day_0_d5_table.csv,1,0,2,0,bkgrd,0.78,0.22,103.0,103.0,103.0,129.0,129.0,137.0,921.0,10.800158,6.801279,12.685767,12.767251,18.254227,118.90445,118.8013,122.56677,46.870056,466.0,569.0,498.0,610.0,481.20413,588.4506
210619_control_day_3_c3_table.csv,0,0,1,0,cystanoid,0.26,0.74,56.0,53.0,37.0,143.0,140.0,145.0,26144.0,65.46805,37.938473,48.220505,46.391136,58.301872,122.78133,119.99755,122.485085,361.84778,385.0,254.0,569.0,512.0,465.9206,397.99365
210619_control_day_3_c3_table.csv,1,0,2,0,bkgrd,0.68,0.32,53.0,53.0,52.0,187.0,180.0,168.0,4137.0,26.496925,13.152254,257.06174,257.7222,286.0706,111.46942,108.48078,107.708725,119.12489,277.0,320.0,367.0,401.0,325.82257,356.63766
210619_control_day_3_c3_table.csv,2,0,3,0,bkgrd,0.91,0.09,111.0,105.0,102.0,140.0,136.0,142.0,884.0,13.529355,5.20729,11.219256,11.78372,24.280527,131.82466,128.51471,130.72058,55.656853,612.0,377.0,633.0,432.0,621.8122,403.95248
210616_3uM_day_0_b3_table.csv,0,0,1,0,bkgrd,0.92,0.08,119.0,115.0,114.0,132.0,129.0,134.0,676.0,14.116696,4.0233293,4.0446415,4.689209,13.547221,126.26035,122.98817,123.53994,15.2426405,686.0,0.0,742.0,15.0,714.2529,5.983728
210616_3uM_day_0_b3_table.csv,1,0,2,0,cystanoid,0.13,0.87,7.0,6.0,0.0,231.0,222.0,205.0,155077.0,115.01827,108.34529,520.8946,554.19183,662.5662,119.93579,116.14904,112.19409,534.2569,123.0,233.0,563.0,696.0,338.29272,467.64362
210619_3uM_day_3_f3_table.csv,0,0,1,0,cystanoid,0.25,0.75,47.0,47.0,15.0,210.0,203.0,197.0,69278.0,99.06451,61.387646,279.17197,281.22086,394.48822,122.19175,119.33382,121.80176,444.81326,240.0,135.0,587.0,468.0,415.36386,304.26965
210619_30uM_day_3_b5_table.csv,0,0,1,0,bkgrd,0.93,0.07,106.0,104.0,110.0,119.0,118.0,128.0,1404.0,13.343987,8.742185,3.7805457,2.903972,9.068978,112.86894,113.024216,119.92379,62.183765,783.0,0.0,833.0,33.0,807.1524,14.178062
210619_30uM_day_3_b5_table.csv,1,0,2,0,cystanoid,0.16,0.84,35.0,31.0,19.0,165.0,187.0,184.0,39397.0,71.97916,45.21975,813.30334,887.154,1128.023,104.973015,101.95449,102.94713,328.16147,300.0,295.0,549.0,550.0,430.68732,419.01242
210623_control_day_7_d3_table.csv,0,0,1,0,cystanoid,0.28,0.72,81.0,84.0,80.0,172.0,163.0,179.0,221229.0,147.50494,122.45773,87.55712,75.4558,126.50853,119.15554,120.83638,125.886826,770.86206,112.0,206.0,680.0,735.0,400.7254,458.04068
210617_100uM_day_1_f6_table.csv,0,0,1,0,cystanoid,0.42,0.58,126.0,115.0,97.0,248.0,231.0,212.0,7832.0,33.28675,19.050758,123.3527,111.89773,102.18258,191.00906,179.70927,165.81396,140.50967,343.0,429.0,449.0,543.0,396.02963,486.1896
210630_30uM_day_14_b5_table.csv,0,0,1,0,cystanoid,0.25,0.75,48.0,43.0,19.0,192.0,182.0,159.0,73520.0,98.05553,63.14621,366.05502,468.79187,684.0526,117.971085,116.866035,118.949295,498.8305,204.0,173.0,544.0,518.0,372.94635,355.5898
210616_10uM_day_0_c4_table.csv,0,0,1,0,cystanoid,0.16,0.84,19.0,17.0,13.0,243.0,244.0,239.0,89329.0,89.93428,79.81164,363.1912,396.69485,534.0166,114.01678,112.59969,112.9214,408.2031,266.0,153.0,586.0,508.0,432.2902,336.33533
210616_100uM_day_0_d6_table.csv,0,0,1,0,cystanoid,0.17,0.83,15.0,17.0,6.0,255.0,255.0,255.0,67296.0,75.355415,71.50464,548.27386,618.1463,781.16003,117.98634,116.311264,115.41937,341.86502,250.0,167.0,543.0,476.0,403.8806,318.8707
210623_control_day_7_f2_table.csv,0,0,1,0,cystanoid,0.2,0.8,13.0,12.0,7.0,252.0,248.0,254.0,140826.0,137.22504,86.48757,364.09833,353.08105,390.47266,122.594574,119.93225,119.40394,632.328,362.0,153.0,832.0,626.0,579.5886,395.05832
210623_control_day_7_f2_table.csv,1,0,2,0,bkgrd,0.9,0.1,120.0,117.0,116.0,137.0,129.0,137.0,652.0,7.8916078,6.793403,6.3397946,4.354311,10.477725,127.06135,123.078224,126.19785,42.384777,999.0,739.0,1024.0,768.0,1011.454,754.22394
210630_10uM_day_14_b4_table.csv,0,0,1,0,cystanoid,0.23,0.77,37.0,34.0,26.0,182.0,184.0,170.0,121679.0,112.01132,87.920525,453.15143,508.62378,686.3315,110.01589,106.23656,103.60788,505.03152,256.0,221.0,711.0,617.0,476.08942,417.2342
210617_control_day_1_d2_table.csv,0,0,1,0,cystanoid,0.17,0.83,23.0,18.0,2.0,255.0,255.0,255.0,18960.0,42.20194,36.261375,891.30426,937.2067,1107.5385,158.5268,154.48523,150.44688,195.40916,396.0,374.0,546.0,543.0,473.6936,464.62726
210623_100uM_day_7_b6_table.csv,0,0,1,0,cystanoid,0.12,0.88,34.0,26.0,13.0,223.0,210.0,193.0,44264.0,62.738846,56.298313,443.26874,619.0658,986.8853,112.90539,94.71133,76.89845,279.1493,331.0,325.0,561.0,580.0,444.8229,454.59247
210617_30uM_day_1_c5_table.csv,0,0,1,0,cystanoid,0.2,0.8,6.0,2.0,0.0,255.0,255.0,255.0,57820.0,79.44521,58.655132,1238.1997,1417.8866,1857.1542,162.51672,157.93298,155.05711,358.01935,256.0,361.0,570.0,615.0,422.64667,486.50565
210630_1%_DMSO_day_14_d7_table.csv,0,0,1,0,cystanoid,0.21,0.79,33.0,29.0,10.0,176.0,179.0,167.0,148051.0,110.038506,107.21149,690.7551,829.0989,1193.3074,103.58911,100.17026,98.07745,484.75946,248.0,121.0,688.0,548.0,467.06064,329.51025
210623_3uM_day_7_d3_table.csv,0,0,1,0,cystanoid,0.09,0.91,7.0,0.0,0.0,255.0,251.0,242.0,141334.0,127.931435,90.49682,516.26013,536.18756,654.4,110.47403,106.37902,102.68312,581.4996,219.0,158.0,705.0,533.0,465.1827,361.48334
210617_3uM_day_1_c3_table.csv,0,0,1,0,cystanoid,0.22,0.78,0.0,6.0,0.0,255.0,255.0,255.0,227112.0,148.30154,127.490814,737.51086,821.3358,1048.3042,168.85901,164.32426,160.98622,742.4478,218.0,86.0,754.0,678.0,481.7097,375.8737
210623_10uM_day_7_e4_table.csv,0,0,1,0,bkgrd,0.91,0.09,107.0,107.0,108.0,122.0,121.0,130.0,706.0,8.569589,6.943878,4.30819,3.7166195,9.503208,115.24221,115.47167,119.950424,44.142136,701.0,0.0,735.0,27.0,717.21246,10.630312
210623_10uM_day_7_e4_table.csv,1,0,2,0,cystanoid,0.12,0.88,18.0,16.0,0.0,199.0,201.0,166.0,45177.0,71.21816,53.28344,442.32642,500.47223,680.03174,112.27381,109.21232,106.49366,341.0904,249.0,226.0,497.0,524.0,375.8504,384.52795
210623_10uM_day_7_e4_table.csv,2,0,3,0,bkgrd,0.93,0.07,18.0,16.0,27.0,137.0,136.0,140.0,1026.0,12.256904,7.4211597,27.265377,26.181759,28.430431,127.278755,126.5039,127.248535,56.28427,229.0,273.0,273.0,308.0,253.35478,287.56335
210623_1%_DMSO_day_7_e7_table.csv,0,0,1,0,cystanoid,0.16,0.84,0.0,7.0,0.0,253.0,249.0,235.0,154127.0,129.56714,99.22242,333.88376,358.18756,524.67444,116.85118,113.86493,120.268105,707.2153,237.0,101.0,653.0,660.0,447.97943,421.03433
210616_1%_DMSO_day_0_e7_table.csv,0,0,1,0,cystanoid,0.41,0.59,48.0,40.0,45.0,214.0,215.0,217.0,7959.0,29.237513,22.962084,346.36725,345.06662,393.41336,111.632996,107.89923,105.15617,148.1249,356.0,357.0,472.0,458.0,419.74808,406.3557
210619_control_day_3_b2_table.csv,0,0,1,0,bkgrd,0.93,0.07,115.0,115.0,112.0,129.0,126.0,131.0,660.0,10.667345,4.930941,4.762498,3.9776769,8.3519745,122.55151,120.63333,123.78788,44.142136,877.0,95.0,898.0,137.0,887.3788,115.30909
210619_control_day_3_b2_table.csv,1,0,2,0,cystanoid,0.23,0.77,51.0,52.0,26.0,190.0,193.0,183.0,23478.0,58.07975,35.731777,283.9358,265.84683,329.6422,114.64375,110.81983,110.14043,281.93607,329.0,394.0,537.0,552.0,439.24133,468.95975
210619_10uM_day_3_f4_table.csv,0,0,1,0,cystanoid,0.2,0.8,42.0,40.0,25.0,193.0,184.0,179.0,96001.0,111.45634,71.470055,238.36888,285.86346,458.99854,108.18851,105.7503,108.80308,552.98486,283.0,212.0,686.0,539.0,489.25708,385.45108
210616_control_day_0_e2_table.csv,0,0,1,0,cystanoid,0.2,0.8,22.0,23.0,7.0,240.0,233.0,217.0,71613.0,118.0604,66.958534,440.03638,461.6349,522.97833,131.3798,128.21968,126.81394,565.1442,442.0,138.0,734.0,559.0,588.54315,357.78726
210617_10uM_day_1_d4_table.csv,0,0,1,0,cystanoid,0.2,0.8,2.0,0.0,0.0,255.0,255.0,255.0,250216.0,187.3579,134.46625,599.2246,625.91846,729.5545,178.31721,174.77008,171.24323,1187.32,87.0,0.0,661.0,768.0,402.92587,312.8849
210619_1%_DMSO_day_3_b7_table.csv,0,0,1,0,cystanoid,0.32,0.68,69.0,73.0,68.0,168.0,166.0,182.0,56438.0,96.48295,50.825447,150.51668,121.55235,201.65959,120.057724,120.01639,126.76305,422.3158,277.0,238.0,577.0,555.0,422.59406,403.96695
210623_30uM_day_7_b5_table.csv,0,0,1,0,bkgrd,0.89,0.11,124.0,119.0,99.0,143.0,140.0,145.0,640.0,9.898962,5.177796,10.019131,9.898904,17.320469,134.68437,131.94844,131.9125,42.142136,225.0,84.0,247.0,123.0,234.63126,102.325
210623_30uM_day_7_b5_table.csv,1,0,2,0,bkgrd,0.89,0.11,122.0,121.0,117.0,142.0,138.0,141.0,928.0,8.925925,8.367017,8.907837,9.22475,8.51895,131.25539,128.4235,130.06897,39.970562,5.0,246.0,40.0,283.0,23.61099,264.09482
210623_30uM_day_7_b5_table.csv,2,0,3,0,cystanoid,0.11,0.89,7.0,9.0,0.0,242.0,247.0,225.0,24678.0,46.416496,42.364555,481.89276,568.07935,865.5531,103.00693,99.91576,101.19592,206.50967,392.0,354.0,560.0,536.0,476.363,444.66043
210623_control_day_7_e2_table.csv,0,0,1,0,cystanoid,0.26,0.74,19.0,21.0,1.0,229.0,232.0,232.0,639624.0,245.8705,209.48631,723.34656,775.62024,878.822,134.55937,131.31532,128.97697,1314.9604,0.0,0.0,956.0,768.0,489.34152,380.21228
210617_100uM_day_1_e6_table.csv,0,0,1,0,cystanoid,0.19,0.81,26.0,21.0,0.0,255.0,255.0,248.0,21791.0,43.491425,40.002174,2325.926,2389.6672,2516.7224,147.12964,136.66362,121.509384,191.61017,376.0,224.0,541.0,398.0,454.81525,310.83768
210619_3uM_day_3_e3_table.csv,0,0,1,0,cystanoid,0.14,0.86,36.0,33.0,20.0,187.0,187.0,186.0,97487.0,125.74774,66.33345,964.35645,1091.8347,1437.1338,104.16523,100.72685,100.93195,548.6467,168.0,244.0,653.0,589.0,427.18756,413.27954
210616_10uM_day_0_e4_table.csv,0,0,1,0,cystanoid,0.15,0.85,2.0,8.0,0.0,254.0,250.0,253.0,105111.0,104.69837,83.19842,332.13614,357.65112,464.84457,113.514244,112.63743,114.68553,501.7006,300.0,113.0,718.0,467.0,493.0647,299.5219
210616_100uM_day_0_b6_table.csv,0,0,1,0,cystanoid,0.33,0.67,35.0,35.0,26.0,205.0,209.0,188.0,65285.0,102.120926,60.591537,123.43181,133.70445,158.761,123.81524,123.26602,125.70402,501.70563,174.0,328.0,534.0,617.0,367.8794,447.8733
210617_control_day_1_b2_table.csv,0,0,1,0,bkgrd,0.95,0.05,134.0,134.0,136.0,199.0,198.0,194.0,910.0,8.957204,8.534371,12.946771,12.546693,19.893936,184.45384,184.4967,182.4956,50.142136,375.0,0.0,410.0,33.0,391.55054,13.396704
210617_control_day_1_b2_table.csv,1,0,2,0,bkgrd,0.51,0.49,10.0,1.0,1.0,255.0,255.0,255.0,5193.0,22.25996,18.675444,652.5657,660.1801,755.1237,157.97882,155.78876,154.41826,98.74011,444.0,305.0,520.0,393.0,480.19025,349.8577
210617_control_day_1_b2_table.csv,2,0,3,0,cystanoid,0.21,0.79,18.0,22.0,0.0,255.0,255.0,255.0,34527.0,58.23575,49.832092,531.27576,543.57855,666.9268,165.59883,162.3765,157.85033,306.53406,240.0,313.0,471.0,518.0,349.10577,421.83853
210630_10uM_day_14_d4_table.csv,0,0,1,0,cystanoid,0.3,0.7,49.0,48.0,37.0,176.0,178.0,170.0,153591.0,132.03384,93.48086,166.7721,207.27135,339.20984,116.09265,115.09292,118.24485,579.8549,317.0,124.0,707.0,635.0,506.21127,387.9509
210630_10uM_day_14_d4_table.csv,1,0,2,0,bkgrd,0.51,0.49,85.0,80.0,87.0,164.0,161.0,165.0,26986.0,94.96606,26.377655,10.065718,8.425037,15.260021,117.60839,117.495995,126.807495,13.2426405,902.0,393.0,1024.0,768.0,979.5191,630.8565
210623_100uM_day_7_d6_table.csv,0,0,1,0,cystanoid,0.41,0.59,53.0,34.0,6.0,171.0,140.0,112.0,7639.0,32.802494,18.823978,127.03959,65.38516,37.34937,105.66435,76.3744,47.987564,141.1249,444.0,313.0,534.0,437.0,489.7641,376.78427
210616_3uM_day_0_d3_table.csv,0,0,1,0,cystanoid,0.21,0.79,13.0,8.0,1.0,242.0,247.0,240.0,161521.0,172.6157,81.613884,85.53439,85.37242,123.45511,113.95368,113.71211,116.901634,737.59503,419.0,33.0,799.0,682.0,600.21014,365.04352
210619_30uM_day_3_d5_table.csv,0,0,1,0,cystanoid,0.15,0.85,24.0,22.0,15.0,182.0,179.0,197.0,76075.0,79.24184,76.59625,1279.1217,1390.3749,1765.6146,101.3264,98.69309,100.6884,363.3625,328.0,240.0,646.0,550.0,486.0522,393.74063
210630_30uM_day_14_d5_table.csv,0,0,1,0,bkgrd,0.55,0.45,63.0,68.0,75.0,153.0,147.0,154.0,6133.0,52.89169,9.715982,29.912603,30.586813,42.617172,129.47073,131.28697,136.19191,196.63457,0.0,231.0,140.0,385.0,72.426544,314.3946
210630_30uM_day_14_d5_table.csv,1,0,2,0,cystanoid,0.17,0.83,30.0,29.0,18.0,170.0,178.0,162.0,31617.0,56.451717,46.94333,890.7587,990.2047,1287.4608,103.059685,101.37698,103.05298,288.8772,322.0,289.0,547.0,481.0,438.80554,378.5354
210616_30uM_day_0_b5_table.csv,0,0,1,0,cystanoid,0.22,0.78,6.0,12.0,0.0,245.0,250.0,245.0,125745.0,115.12936,88.0928,267.11066,280.357,352.8211,123.47348,121.261444,121.852776,548.17365,186.0,199.0,593.0,650.0,366.16525,429.5627
210617_30uM_day_1_f5_table.csv,0,0,1,0,cystanoid,0.18,0.82,5.0,0.0,0.0,255.0,255.0,255.0,162045.0,117.80795,110.1059,968.16,1136.9268,1481.1064,166.30367,164.55994,165.12451,546.67114,151.0,90.0,600.0,565.0,373.8894,318.36932
210617_3uM_day_1_f3_table.csv,0,0,1,0,cystanoid,0.16,0.84,0.0,1.0,0.0,255.0,255.0,255.0,197316.0,208.69882,80.17738,797.3394,801.9919,910.6951,173.84755,168.73302,165.24316,850.8427,272.0,0.0,695.0,750.0,488.42224,372.15784
210619_100uM_day_3_e6_table.csv,0,0,1,0,cystanoid,0.49,0.51,31.0,27.0,15.0,43.0,36.0,35.0,6979.0,32.422096,17.250406,2.5303087,1.551127,4.300873,36.40149,31.213354,26.78951,137.02438,378.0,413.0,468.0,529.0,423.54865,469.07278
210630_control_day_14_c2_table.csv,0,0,1,0,cystanoid,0.32,0.68,44.0,52.0,47.0,184.0,189.0,189.0,47820.0,65.03438,59.496696,261.6867,281.75314,371.40262,118.808365,118.401505,121.58371,323.54623,370.0,150.0,624.0,389.0,493.3725,272.07208
210619_10uM_day_3_c4_table.csv,0,0,1,0,cystanoid,0.31,0.69,49.0,46.0,36.0,208.0,200.0,213.0,458793.0,234.18513,187.35777,115.23677,118.03652,191.47847,122.01739,120.339005,125.8602,1189.7098,28.0,0.0,997.0,768.0,586.0163,334.7296
210630_3uM_day_14_d3_table.csv,0,0,1,0,cystanoid,0.18,0.82,37.0,39.0,20.0,218.0,201.0,197.0,91647.0,94.9639,81.29151,741.84656,791.55273,991.0639,114.74866,109.99011,106.77489,492.8305,303.0,147.0,650.0,524.0,471.8813,335.89026
210617_1%_DMSO_day_1_b7_table.csv,0,0,1,0,cystanoid,0.16,0.84,16.0,18.0,0.0,255.0,255.0,255.0,54439.0,92.816025,52.1448,713.24146,708.4463,833.2696,165.49689,161.51282,159.82454,446.30362,304.0,299.0,629.0,544.0,469.38248,431.00455
210630_3uM_day_14_c3_table.csv,0,0,1,0,cystanoid,0.2,0.8,40.0,36.0,10.0,195.0,201.0,170.0,77748.0,91.32259,68.171715,623.9894,695.96893,942.5206,107.34828,103.250755,100.732056,406.57568,238.0,240.0,598.0,525.0,418.95364,383.26587
210617_1%_DMSO_day_1_e7_table.csv,0,0,1,0,cystanoid,0.19,0.81,6.0,1.0,0.0,255.0,255.0,255.0,58722.0,74.181,63.521477,1168.314,1171.5638,1200.1615,160.56703,155.26631,150.25899,352.65894,355.0,214.0,631.0,479.0,491.67206,345.9386
210619_100uM_day_3_b6_table.csv,0,0,1,0,cystanoid,0.22,0.78,45.0,38.0,16.0,167.0,157.0,153.0,109240.0,123.880585,78.07198,196.25417,201.07169,238.21773,128.4091,120.378784,114.98553,573.50464,311.0,81.0,669.0,530.0,497.5585,290.2012
210619_10uM_day_3_d4_table.csv,0,0,1,0,cystanoid,0.33,0.67,51.0,45.0,38.0,185.0,179.0,175.0,26351.0,57.126682,38.7967,311.4031,328.2018,454.5902,121.28921,117.67508,119.15597,269.48022,412.0,236.0,627.0,419.0,527.3971,316.13116
210630_control_day_14_d2_table.csv,0,0,1,0,cystanoid,0.28,0.72,85.0,88.0,83.0,160.0,163.0,180.0,98970.0,112.8527,81.94489,117.21557,99.018234,133.2473,117.6166,120.441086,127.599686,640.992,354.0,89.0,738.0,519.0,547.4364,320.80313
210623_3uM_day_7_f3_table.csv,0,0,1,0,cystanoid,0.1,0.9,11.0,4.0,0.0,255.0,250.0,250.0,86103.0,97.31488,71.967766,406.7424,410.3182,477.09323,117.10738,114.7744,113.4784,454.48737,305.0,159.0,634.0,537.0,469.41064,347.58228
210623_3uM_day_7_f3_table.csv,1,0,2,0,bkgrd,0.91,0.09,122.0,121.0,124.0,143.0,142.0,146.0,904.0,11.261001,6.393992,5.4550953,6.4397564,11.056904,131.18695,130.15044,135.66483,47.72792,872.0,473.0,898.0,519.0,884.38495,495.9812
210616_30uM_day_0_e5_table.csv,0,0,1,0,cystanoid,0.17,0.83,11.0,9.0,7.0,255.0,234.0,255.0,100687.0,91.99807,87.40986,390.47308,407.32718,549.0676,116.78545,114.32734,114.24416,422.06097,292.0,220.0,657.0,584.0,469.98904,400.83997
210630_30uM_day_14_c5_table.csv,0,0,1,0,cystanoid,0.35,0.65,44.0,40.0,25.0,181.0,171.0,168.0,133054.0,115.49197,94.36313,207.18816,256.70807,392.0611,116.052315,115.37619,119.937614,552.2569,315.0,129.0,749.0,561.0,522.55756,350.0674
210630_30uM_day_14_c5_table.csv,1,0,2,0,bkgrd,0.51,0.49,113.0,111.0,115.0,160.0,155.0,153.0,17986.0,94.44189,16.07335,30.43976,33.96729,30.80959,133.30034,131.91855,134.8744,64.72792,0.0,417.0,62.0,768.0,26.706772,612.2686
210616_3uM_day_0_c3_table.csv,0,0,1,0,cystanoid,0.18,0.82,8.0,12.0,0.0,255.0,250.0,251.0,179720.0,120.34867,118.99949,390.0961,433.40714,563.56635,114.17056,112.091034,110.74222,538.0021,235.0,89.0,710.0,567.0,470.23578,334.52243
210619_30uM_day_3_c5_table.csv,0,0,1,0,cystanoid,0.33,0.67,37.0,33.0,20.0,196.0,190.0,202.0,111372.0,109.58712,81.75338,280.9179,335.51428,504.3246,117.03464,115.200714,120.50214,487.4041,307.0,153.0,668.0,584.0,478.30212,363.7482
210617_10uM_day_1_f4_table.csv,0,0,1,0,cystanoid,0.16,0.84,0.0,0.0,0.0,255.0,255.0,255.0,109967.0,113.903595,81.71414,1519.7205,1546.7537,1628.1794,161.23015,156.95757,152.45149,545.45795,170.0,195.0,523.0,646.0,360.14856,446.21713
210623_100uM_day_7_c6_table.csv,0,0,1,0,cystanoid,0.24,0.76,0.0,8.0,0.0,255.0,241.0,233.0,39421.0,76.75649,46.136406,141.28516,120.811104,159.89388,170.36838,159.94826,159.03247,359.32086,721.0,153.0,1024.0,375.0,870.4617,277.15414
210623_100uM_day_7_c6_table.csv,1,0,2,0,cystanoid,0.11,0.89,7.0,6.0,0.0,255.0,253.0,220.0,19327.0,41.75031,36.916332,1979.6212,1715.2711,1522.1863,78.95659,67.85978,58.831116,184.13708,434.0,364.0,591.0,517.0,512.3411,437.5809
210616_10uM_day_0_b4_table.csv,0,0,1,0,cystanoid,0.13,0.87,24.0,18.0,0.0,238.0,229.0,224.0,157931.0,181.9294,82.66395,473.94006,505.40945,614.97266,116.86792,114.38168,111.74943,869.4306,106.0,260.0,792.0,652.0,448.73526,462.31473
210616_100uM_day_0_e6_table.csv,0,0,1,0,cystanoid,0.3,0.7,17.0,17.0,14.0,216.0,211.0,207.0,12209.0,39.78464,25.446043,125.69595,122.424904,144.49551,125.41494,124.81489,128.98149,182.61017,425.0,410.0,579.0,514.0,501.4044,461.7827
210630_10uM_day_14_c4_table.csv,0,0,1,0,cystanoid,0.24,0.76,55.0,53.0,33.0,188.0,181.0,175.0,86166.0,95.53334,73.18812,216.81152,273.6277,450.70728,117.92511,115.88511,116.7507,448.23254,207.0,227.0,580.0,531.0,378.76187,377.77237
210617_control_day_1_e2_table.csv,0,0,1,0,cystanoid,0.32,0.68,47.0,50.0,23.0,255.0,255.0,255.0,9962.0,31.516626,25.185652,976.2888,897.6392,818.3215,181.67456,173.63321,164.16684,136.46803,390.0,435.0,496.0,560.0,442.9166,495.8426
210619_3uM_day_3_b3_table.csv,0,0,1,0,cystanoid,0.29,0.71,37.0,34.0,14.0,178.0,163.0,168.0,374255.0,188.14453,160.1153,331.4626,361.81726,458.50714,123.12263,119.077095,118.938736,899.48737,99.0,34.0,755.0,768.0,409.73325,425.16653
210619_3uM_day_3_b3_table.csv,1,0,2,0,bkgrd,0.84,0.16,120.0,115.0,108.0,141.0,133.0,137.0,3514.0,21.55189,13.6933,15.345772,9.579558,12.893711,130.05833,124.08338,123.35686,111.81118,0.0,695.0,69.0,768.0,30.610985,737.12604
210619_3uM_day_3_b3_table.csv,2,0,3,0,bkgrd,0.91,0.09,123.0,119.0,117.0,138.0,134.0,141.0,695.0,9.721978,5.9986377,7.2330294,6.026218,17.22737,130.46619,126.332375,127.46763,1.0,91.0,744.0,128.0,768.0,106.69928,757.36835
210616_3uM_day_0_f3_table.csv,0,0,1,0,cystanoid,0.14,0.86,8.0,14.0,0.0,255.0,255.0,255.0,77955.0,95.086624,65.52299,329.46603,343.31888,444.146,122.86946,122.19357,124.22363,414.0904,310.0,280.0,684.0,557.0,495.89008,412.1081
210619_30uM_day_3_f5_table.csv,0,0,1,0,bkgrd,0.76,0.24,64.0,68.0,77.0,152.0,135.0,147.0,3608.0,25.55595,11.82823,152.08035,125.56844,164.31606,105.99501,106.00416,114.06153,97.56854,978.0,169.0,1024.0,265.0,1003.6901,220.45705
210619_30uM_day_3_f5_table.csv,1,0,2,0,cystanoid,0.17,0.83,34.0,32.0,20.0,179.0,185.0,200.0,56330.0,69.85102,64.43273,1110.0469,1248.6981,1637.2975,108.48919,105.78585,107.567055,312.1787,340.0,249.0,620.0,518.0,474.85004,382.4689
210630_30uM_day_14_f5_table.csv,0,0,1,0,cystanoid,0.25,0.75,38.0,36.0,24.0,191.0,189.0,168.0,115160.0,134.36238,72.056,433.76758,527.568,741.353,109.66853,108.994484,112.04496,598.9554,115.0,242.0,601.0,592.0,370.05112,414.92493
210617_100uM_day_1_b6_table.csv,0,0,1,0,cystanoid,0.19,0.81,0.0,0.0,0.0,255.0,255.0,255.0,95731.0,97.15361,79.18104,1517.1416,1450.3105,1515.932,173.00447,161.31973,148.28574,447.71783,347.0,315.0,747.0,647.0,542.1882,477.4159
210623_control_day_7_b2_table.csv,0,0,1,0,cystanoid,0.07,0.93,9.0,2.0,6.0,248.0,235.0,250.0,18186.0,43.583633,33.75859,314.50192,299.6533,331.4429,108.594025,106.97872,106.294785,200.72287,305.0,425.0,466.0,582.0,381.14545,501.04895
210623_30uM_day_7_e5_table.csv,0,0,1,0,cystanoid,0.1,0.9,8.0,0.0,0.0,240.0,224.0,227.0,47117.0,63.6064,59.02611,1417.3933,1524.051,1901.6765,98.766304,93.60793,90.04856,322.49243,261.0,375.0,515.0,618.0,387.78442,496.67374
210630_10uM_day_14_f4_table.csv,0,0,1,0,cystanoid,0.21,0.79,41.0,45.0,22.0,188.0,184.0,167.0,80742.0,87.28806,74.46405,192.19666,229.83073,371.02917,107.03501,105.10034,105.31467,400.03152,206.0,324.0,528.0,642.0,361.05518,473.75742
210617_10uM_day_1_c4_table.csv,0,0,1,0,cystanoid,0.17,0.83,3.0,6.0,0.0,255.0,255.0,255.0,101280.0,100.854164,80.81047,914.9318,931.05554,1040.1448,161.66757,158.31541,155.67476,473.14423,225.0,165.0,611.0,521.0,426.09012,349.30978
210616_control_day_0_b2_table.csv,0,0,1,0,cystanoid,0.14,0.86,10.0,15.0,0.0,255.0,253.0,253.0,27480.0,63.384926,37.81906,572.3231,570.16046,647.40393,119.24967,116.363754,112.92536,296.22034,346.0,148.0,541.0,388.0,446.19568,274.09665
210623_100uM_day_7_f6_table.csv,0,0,1,0,cystanoid,0.11,0.89,39.0,19.0,0.0,239.0,208.0,167.0,22973.0,62.95171,33.254787,439.94583,259.91837,124.70035,97.010445,70.61955,45.375484,290.75232,376.0,335.0,521.0,568.0,457.90982,448.20364
210623_100uM_day_7_f6_table.csv,1,0,2,0,bkgrd,0.81,0.19,97.0,120.0,88.0,255.0,255.0,255.0,2638.0,20.19702,10.812618,238.96487,135.3508,193.81157,199.2085,189.52805,196.4075,91.59798,969.0,432.0,1013.0,514.0,988.4841,477.083
210619_1%_DMSO_day_3_e7_table.csv,0,0,1,0,cystanoid,0.18,0.82,44.0,44.0,28.0,213.0,199.0,207.0,99504.0,116.17884,75.91641,327.9404,340.62695,468.64935,113.00858,109.85888,111.490585,580.39905,312.0,41.0,641.0,536.0,472.79324,340.71088
210616_1%_DMSO_day_0_b7_table.csv,0,0,1,0,cystanoid,0.16,0.84,9.0,14.0,0.0,246.0,222.0,221.0,24746.0,47.305813,45.038254,368.77042,381.37564,434.16043,121.37004,119.3702,119.55847,266.19092,358.0,239.0,545.0,444.0,452.21545,332.62177
210616_1%_DMSO_day_0_b7_table.csv,1,0,2,0,bkgrd,0.67,0.33,49.0,44.0,12.0,179.0,172.0,161.0,1548.0,15.624788,8.174637,190.17722,162.86528,210.34001,89.52067,86.031654,81.39018,66.870056,253.0,276.0,287.0,335.0,268.32364,302.38696
210623_1%_DMSO_day_7_b7_table.csv,0,0,1,0,bkgrd,0.85,0.15,113.0,108.0,113.0,136.0,129.0,139.0,3590.0,33.904488,8.920411,15.645495,12.660506,16.241884,124.17716,119.46546,126.139275,14.485281,0.0,0.0,35.0,128.0,14.490529,54.958496
210623_1%_DMSO_day_7_b7_table.csv,1,0,2,0,cystanoid,0.11,0.89,38.0,40.0,30.0,133.0,123.0,162.0,45600.0,141.58276,44.163544,431.6615,405.02142,475.37006,75.22204,76.54741,82.80511,614.39905,759.0,0.0,982.0,482.0,864.4685,224.28726
210623_1%_DMSO_day_7_b7_table.csv,2,0,3,0,bkgrd,0.62,0.38,117.0,114.0,124.0,151.0,144.0,151.0,8361.0,56.864582,14.651693,53.36911,36.652397,18.090937,133.8408,129.32724,140.14903,56.698486,0.0,157.0,65.0,384.0,20.837698,282.6413
210623_1%_DMSO_day_7_b7_table.csv,3,0,4,0,cystanoid,0.27,0.73,67.0,70.0,71.0,166.0,161.0,178.0,69196.0,120.652214,52.603172,205.664,169.80821,258.53992,116.87926,116.18513,125.77899,584.8133,510.0,171.0,762.0,621.0,628.03894,371.20026
210623_1%_DMSO_day_7_b7_table.csv,4,0,5,0,bkgrd,0.84,0.16,111.0,110.0,121.0,129.0,127.0,144.0,3312.0,25.6234,11.015444,6.2766356,7.8609776,14.692173,120.11232,117.9526,132.37772,117.74011,37.0,355.0,96.0,452.0,66.04439,403.16122
210623_1%_DMSO_day_7_b7_table.csv,5,0,6,0,cystanoid,0.33,0.67,58.0,57.0,58.0,145.0,139.0,156.0,12360.0,52.45032,20.970596,338.67828,295.03314,353.88626,120.859146,118.21691,132.7991,238.90663,90.0,432.0,241.0,615.0,171.80971,526.367
210623_1%_DMSO_day_7_b7_table.csv,6,0,7,0,cystanoid,0.32,0.68,83.0,96.0,101.0,181.0,174.0,180.0,14354.0,53.34535,24.668854,142.82713,88.26634,106.48788,133.85802,129.57622,138.62589,261.83557,319.0,560.0,527.0,669.0,422.2398,608.5844
210623_1%_DMSO_day_7_b7_table.csv,7,0,8,0,bkgrd,0.77,0.23,75.0,68.0,78.0,174.0,163.0,158.0,1526.0,22.2545,5.946283,166.91841,104.71151,114.98456,118.21494,111.21756,114.08322,88.2132,268.0,563.0,294.0,646.0,280.8663,600.40234
210630_3uM_day_14_f3_table.csv,0,0,1,0,cystanoid,0.31,0.69,44.0,42.0,29.0,189.0,177.0,169.0,84268.0,94.07491,73.93472,297.5022,401.36267,700.0714,114.831894,113.365654,115.76181,419.5879,204.0,361.0,566.0,687.0,398.34534,535.16266
210623_10uM_day_7_b4_table.csv,0,0,1,0,cystanoid,0.1,0.9,24.0,17.0,9.0,234.0,214.0,210.0,22848.0,49.13657,38.188885,364.2682,332.86108,416.6832,98.04298,91.489975,85.64649,234.72287,453.0,343.0,615.0,542.0,532.7224,447.18152
210630_1%_DMSO_day_14_c7_table.csv,0,0,1,0,cystanoid,0.24,0.76,43.0,38.0,29.0,219.0,196.0,184.0,180973.0,144.16866,103.47669,581.86676,590.9185,706.3027,122.67888,118.76987,116.799095,726.4062,350.0,135.0,815.0,661.0,572.6295,392.23636
210617_30uM_day_1_d5_table.csv,0,0,1,0,cystanoid,0.16,0.84,2.0,0.0,0.0,255.0,255.0,255.0,96270.0,101.5922,76.63111,2518.0393,2819.465,3619.8762,156.15128,150.94414,146.61636,449.04373,270.0,247.0,601.0,633.0,425.80075,445.52075
210617_3uM_day_1_d3_table.csv,0,0,1,0,cystanoid,0.17,0.83,0.0,1.0,0.0,255.0,255.0,255.0,52118.0,86.196106,54.690483,1060.6494,1076.2283,1210.3923,181.03535,174.56671,168.11813,410.53406,352.0,286.0,606.0,624.0,476.8029,441.45413
210623_3uM_day_7_c3_table.csv,0,0,1,0,cystanoid,0.15,0.85,1.0,1.0,0.0,255.0,255.0,255.0,143624.0,133.7329,92.6829,435.3943,465.20148,584.5742,118.554375,115.30278,113.8681,625.0559,206.0,180.0,634.0,676.0,437.94635,409.61194
